ADP,MPC-50,MPC-100,MPC-150
0.166972,6.942329,13.752308,19.735192
0.000000,98.079994,1000.000000
0.000000,97.615995,1000.000000
